trait	category	phenotype_id	gene_id	PC	HSQ	TWAS.Z	TWAS.P	modality	explicit_pheno	r	chrom	start	end	strand
UKB_50_Standing_height	Anthropometric	ENSG00000081377__PC1	ENSG00000081377	PC1	0.150047	12.3573049408925	4.4482113032379695e-35	alt_polyA	ENSG00000081377__grp_2_downstream_ENST00000412285	0.8517798509817927	chr9	96490241	96619843	-
GIANT_HEIGHT	Anthropometric	ENSG00000066827__PC3	ENSG00000066827	PC3	0.289761	11.2892921289484	1.48225594901681e-29	isoforms	ENSG00000066827__ENST00000518408	0.806683436944902	chr8	134477788	134713049	-
UKB_20022_Birth_weight	Anthropometric	ENSG00000170291__PC2	ENSG00000170291	PC2	0.629587	10.5404576407273	5.62246255240828e-26	alt_polyA	ENSG00000170291__grp_1_downstream_ENST00000354429	-0.8259368011313084	chr17	7251416	7259940	+
UKB_50_Standing_height	Anthropometric	ENSG00000165119__PC7	ENSG00000165119	PC7	0.394791	-8.36528968811034	5.99674056390753e-17	alt_TSS	ENSG00000165119__grp_1_upstream_ENST00000376263	-0.6912322254350963	chr9	83968083	83980631	-
Astle_et_al_2016_Monocyte_count	Blood	ENSG00000127838__PC1	ENSG00000127838	PC1	0.045654	-7.64382011429788	2.1086995831639702e-14	isoforms	ENSG00000127838__ENST00000248451	-0.8717736222673551	chr2	218269651	218346793	+
UKB_6152_9_diagnosed_by_doctor_Hayfever_allergic_rhinitis_or_eczema	Immune	ENSG00000056558__PC2	ENSG00000056558	PC2	0.090254	-7.45281600952148	9.13686661283893e-14	alt_TSS	ENSG00000056558__grp_1_upstream_ENST00000373887	0.7447361113225115	chr9	120902393	120929173	-
GIANT_HEIGHT	Anthropometric	ENSG00000185290__PC1	ENSG00000185290	PC1	0.684588	6.34813533811737	2.17940318569521e-10	splicing	ENSG00000185290__chr7_56021231_56116015_clu_39218_-	0.8042218566282721	chr7	56114681	56116417	-
GIANT_HEIGHT	Anthropometric	ENSG00000146733__PC3	ENSG00000146733	PC3	0.689933	6.09671944434205	1.08267289507403e-9	splicing	ENSG00000146733__chr7_56021231_56031929_clu_39218_-	-0.7869257510489238	chr7	56011051	56051604	-
