trait	category	phenotype_id	gene_id	PC	HSQ	TWAS.Z	TWAS.P	modality	explicit_pheno	r	gene_name	gene_biotype	chrom	start	end	strand
UKB_20002_1111_self_reported_asthma	Allergy	ENSG00000179344__PC1	ENSG00000179344	PC1	0.811234	-18.3837733754615	1.7720253184206596e-75	splicing	ENSG00000179344__chr6_32759131_32761660_clu_36694_-	-0.7548859959629449	HLA-DQB1	protein_coding	chr6	32659467	32668383	-
UKB_50_Standing_height	Anthropometric	ENSG00000081377__PC1	ENSG00000081377	PC1	0.150672	12.3751146092656	3.5638521527899296e-35	alt_polyA	ENSG00000081377__grp_2_downstream_ENST00000412285	0.8545216680635704	CDC14B	protein_coding	chr9	96490241	96619843	-
GIANT_HEIGHT	Anthropometric	ENSG00000197959__PC1	ENSG00000197959	PC1	0.14338	-11.3525454679937	7.20345704715449e-30	alt_polyA	ENSG00000197959__grp_2_downstream_ENST00000627582	0.8173209096397512	DNM3	protein_coding	chr1	171817887	172418466	+
Astle_et_al_2016_Eosinophil_counts	Blood	ENSG00000090238__PC4	ENSG00000090238	PC4	0.121721	7.99440622329711	1.3019981388625e-15	alt_TSS	ENSG00000090238__grp_2_upstream_ENST00000568681	-0.719849216213479	YPEL3	protein_coding	chr16	30092314	30096915	-
Astle_et_al_2016_Monocyte_count	Blood	ENSG00000127838__PC1	ENSG00000127838	PC1	0.056409	-7.88761242015567	3.0802263775679803e-15	isoforms	ENSG00000127838__ENST00000248451	-0.8616885042665378	PNKD	protein_coding	chr2	218269651	218346793	+
UKB_20002_1466_self_reported_gout	Skeletal system disease	ENSG00000106638__PC4	ENSG00000106638	PC4	0.310927	-6.87266397476195	6.30138808877116e-12	isoforms	ENSG00000106638__ENST00000305632	0.8307590510483895	TBL2	protein_coding	chr7	73567537	73578791	-
GIANT_HEIGHT	Anthropometric	ENSG00000185290__PC1	ENSG00000185290	PC1	0.63836	-6.27426023870174	3.51300510804908e-10	splicing	ENSG00000185290__chr7_56021231_56116015_clu_39218_-	0.8001331766485512	NUPR2	protein_coding	chr7	56114681	56116417	-
Astle_et_al_2016_Monocyte_count	Blood	ENSG00000188511__PC1	ENSG00000188511	PC1	0.616844	6.03697660552706	1.5702847798544901e-9	alt_TSS	ENSG00000188511__grp_1_upstream_ENST00000400023	0.8275308076254893	MIR3667HG	lncRNA	chr22	49414523	49658432	-
